Metric,Value
PV of FCF,320775.7429368541
Enterprise Value,1348400.486577732
Cash and Cash Equivalents,16536.0
Debt,1334878.0
Equity Value,30058.486577732023
Share Price,2.1236994417931614
PV of Terminal FCF,1745332.9812172237
Sum of PV FCF ,399921.9553549809
Enterprise Value,2145254.9365722043
Cash and Cash Equivalents,
